customer_id,agent_id,queue_name,call_duration,wait_time,sla_breach,sentiment,timestamp,call_duration_minutes,sla_status
43ffb366-2cd0-478b-984f-c14e677f5741,1642,Orders,506,98,False,negative,2016-02-07 20:53:09,8.43,OK
e33e9524-635e-4cd1-ba7e-a0967f67b79b,1549,Delivery,566,54,True,neutral,1985-04-16 07:05:54,9.43,BREACHED
f9430bec-ff31-4365-8109-809425178779,1629,Orders,254,46,False,positive,2024-11-23 09:53:50,4.23,OK
a2f19812-f712-4851-9616-dc81d173d51e,1564,Refunds,485,65,False,positive,1997-08-15 09:50:03,8.08,OK
467d0ba9-dc31-425f-9566-38c1424fc84e,1697,Orders,511,101,True,negative,2022-07-08 04:46:15,8.52,BREACHED
ad92da92-a35e-4674-a39d-ccec9001a785,1483,Delivery,592,109,False,positive,1984-11-26 14:13:11,9.87,OK
cc92697e-9371-42ba-90c5-2cb71824afaa,1292,Orders,223,45,True,neutral,2021-02-23 03:34:37,3.72,BREACHED
0cc6e5ad-6a34-4e51-b2c6-deef58b42b5c,1789,Orders,360,8,False,positive,2023-09-05 19:46:34,6.0,OK
d5e5313a-f7eb-4039-80b1-e9da77f497e9,1819,Payments,501,47,True,neutral,2023-01-28 19:10:57,8.35,BREACHED
2f6b1039-6a15-48cf-96b4-691609c51a55,1815,Refunds,372,64,True,positive,2018-05-04 11:02:40,6.2,BREACHED
69fae34b-c6c9-409f-b8c8-c079e1cb1813,1634,Delivery,144,31,False,neutral,1970-06-25 20:06:56,2.4,OK
3ce6cf8d-27d5-464a-b4e2-b5137363677a,1922,Refunds,140,51,False,neutral,1986-03-20 01:24:34,2.33,OK
efe6a47b-fefb-4044-8161-a5f9f7b91b1f,1343,Refunds,383,5,False,neutral,1986-04-08 12:59:22,6.38,OK
8a3b2c00-2ebe-4c2d-a93f-ce619b201d34,1231,Refunds,361,80,True,positive,2012-04-05 07:55:33,6.02,BREACHED
a7259619-5619-4c27-8e03-01b09e776b78,1533,Delivery,243,74,False,positive,2006-12-11 12:26:09,4.05,OK
03710e34-0524-45bd-84f0-a63fe59b09bc,1880,Payments,301,28,False,positive,2018-07-12 14:33:07,5.02,OK
7f5ec749-e561-4171-b45e-e40364fcbf3b,1032,Delivery,139,87,False,negative,2018-09-03 09:38:19,2.32,OK
370c4bb8-2898-4aba-b6f3-47683b84cc20,1026,Refunds,129,12,False,negative,2023-07-24 03:24:03,2.15,OK
eb104039-f765-478a-8b0a-0310ee2f3224,1498,Orders,167,82,False,positive,1995-08-24 06:04:00,2.78,OK
2aa64b9a-6b1d-4916-8d33-e36911c0aa06,1120,Refunds,239,109,False,positive,2011-11-14 22:20:49,3.98,OK
77e9e439-68f5-4ec0-96ab-324c723811c5,1924,Orders,512,50,True,neutral,1987-04-25 22:29:36,8.53,BREACHED
62b1c187-1928-48a4-aa6b-1dd90c57ce9d,1828,Delivery,501,48,True,negative,1982-03-13 18:46:45,8.35,BREACHED
fdf83254-9a51-436a-bb92-c2da1733a939,1466,Orders,67,101,False,neutral,1970-12-02 18:59:32,1.12,OK
bd133e57-8bdb-4d4e-86de-efe3bee0da2d,1487,Orders,500,29,False,neutral,2011-04-27 20:18:39,8.33,OK
31c7c037-3a6b-4b9a-8464-bd992c876e59,1940,Delivery,354,37,True,neutral,1980-07-07 20:20:38,5.9,BREACHED
787e7480-dd15-4184-91ee-523f2ada9bc5,1437,Refunds,75,28,False,neutral,1973-03-08 17:23:42,1.25,OK
b1acf215-d629-4add-9a18-f9cce4b1375a,1924,Delivery,571,109,True,negative,2015-12-22 11:39:37,9.52,BREACHED
98e91975-eca9-4e31-879d-678fb74db6a1,1584,Orders,210,38,False,positive,2017-11-14 05:30:47,3.5,OK
4239799c-1981-405a-b542-7be76f48e366,1581,Orders,503,9,False,negative,2015-05-29 21:40:46,8.38,OK
0e707a6b-8884-4eb0-a62a-47da08729b8c,1721,Refunds,96,35,False,positive,2024-08-31 15:42:24,1.6,OK
97bd5ffb-0596-423f-a593-af56cd2bf57d,1766,Refunds,190,77,False,neutral,2006-12-25 09:49:09,3.17,OK
aad07184-8d9a-419e-a08b-337c5ec309e0,1521,Orders,140,89,False,negative,1992-10-06 14:46:45,2.33,OK
6a26aed4-30a0-4e73-b29c-762eedfd0f0e,1926,Payments,157,71,True,negative,2001-01-19 20:18:40,2.62,BREACHED
1ea24082-b83d-4a1b-948a-aa8a0695d266,1185,Delivery,562,102,True,neutral,2011-06-11 12:05:22,9.37,BREACHED
4f8d04d9-1d5f-4ae8-8a78-ef1e57822531,1511,Payments,170,64,True,positive,2017-10-05 04:11:30,2.83,BREACHED
7311be5d-060d-42a2-b326-686a2d4d824a,1904,Payments,382,40,True,negative,2001-03-13 00:24:47,6.37,BREACHED
11ceffb2-9d2b-4675-b4ba-b1d92717641a,1217,Payments,85,95,False,positive,1979-04-26 10:31:21,1.42,OK
dbe30569-21cd-43b3-9eab-5d52d9eae32b,1247,Payments,66,119,False,negative,1998-08-24 06:46:34,1.1,OK
b713fa4d-0ef6-4b02-9275-3f486c71399a,1540,Payments,541,88,True,positive,2019-01-11 01:02:16,9.02,BREACHED
9bc46ce9-f8cc-4723-b9f7-e2852e0165ff,1364,Refunds,176,31,True,positive,2001-03-14 09:09:27,2.93,BREACHED
93ce9696-175d-4d66-b8d3-794f62fc095d,1280,Delivery,536,116,False,neutral,1983-07-01 05:40:01,8.93,OK
1e90cebf-27b7-4c85-8ebc-1648ae753f6e,1404,Payments,443,78,True,negative,2010-10-10 17:51:13,7.38,BREACHED
9205151c-8d51-43b0-a131-25e3f911fcee,1749,Orders,394,74,False,negative,1974-06-22 23:42:32,6.57,OK
73d3f46f-64b1-4900-a26c-1e3af647ffbc,1959,Orders,455,44,True,neutral,1976-09-11 15:57:48,7.58,BREACHED
b0b84a43-16e2-457a-b72e-fa92db62dac3,1692,Orders,307,88,False,positive,2003-08-03 09:30:44,5.12,OK
27ff0be5-e4f8-4e67-a7df-07f670e2d6d4,1200,Payments,508,85,False,negative,2023-11-01 12:44:03,8.47,OK
bc426458-0f79-4c3f-80b9-75e4a9a23675,1081,Delivery,109,98,False,negative,1976-12-13 09:42:26,1.82,OK
26c1139d-2b16-45a6-b4f0-b6db94d813a4,1966,Payments,542,46,False,positive,1972-04-06 12:45:16,9.03,OK
d5bfefad-f158-42a6-833a-267ad4212f17,1271,Delivery,65,7,True,positive,1994-10-09 20:49:37,1.08,BREACHED
f5f10542-0e8e-4d5a-bb35-75ad3ad2a0d0,1596,Refunds,268,60,False,neutral,2014-09-03 04:36:40,4.47,OK
ce54079d-c76a-462a-aab2-0a67a44f3ab5,1628,Orders,472,17,False,positive,2026-01-21 01:40:25,7.87,OK
ce2983ce-15a4-4410-a2bd-e1d0e770b4b4,1920,Orders,427,67,False,negative,1982-07-15 01:14:05,7.12,OK
9b9f7323-be35-4043-a361-b08797ee2448,1397,Delivery,413,56,False,positive,2015-01-17 18:16:15,6.88,OK
b3b34335-ff19-4136-9eb1-65d038873655,1056,Orders,192,113,True,neutral,1975-03-02 18:43:46,3.2,BREACHED
2d0ce3ed-054a-4285-af2b-26d3736818dd,1442,Orders,128,36,False,positive,1995-08-08 17:13:27,2.13,OK
c22a52fa-0005-4635-a17b-00ecf3c6882e,1060,Refunds,478,59,True,positive,1980-09-06 11:04:24,7.97,BREACHED
3d781346-4c9a-438f-8a00-7d492e6b2bab,1504,Orders,259,73,True,negative,1998-03-31 01:00:13,4.32,BREACHED
a5767aea-2bfc-4998-8c87-76ae5cb55f39,1351,Refunds,91,16,True,negative,2000-11-16 11:29:14,1.52,BREACHED
2b4aa06c-4f1c-4529-b0da-cc9a9b8dde9c,1219,Payments,491,98,True,neutral,1972-01-25 05:24:24,8.18,BREACHED
376dab55-f126-4b3b-825b-1d7123bba4fd,1166,Orders,148,26,True,positive,1981-01-04 21:35:25,2.47,BREACHED
d57035dd-2b1c-483a-8dad-35820f0a078f,1726,Refunds,144,88,False,negative,2019-10-24 19:36:23,2.4,OK
8ec7d4a0-aeb9-4f66-b057-7f6a46061eda,1618,Orders,108,49,True,neutral,2013-10-06 09:50:31,1.8,BREACHED
bce8266e-2548-4883-9d8d-f6b71021e0ef,1013,Orders,263,46,True,neutral,1976-02-14 13:27:30,4.38,BREACHED
3987a97f-6c6e-4e5c-bd68-ba85372e5d1e,1451,Refunds,324,32,True,neutral,1996-02-26 19:30:23,5.4,BREACHED
e39501e4-f04d-46f0-a7ab-894e475bc9ab,1529,Delivery,598,29,False,neutral,2017-12-23 13:59:49,9.97,OK
9fdbf829-c1b6-42ec-a37d-8a5d28b9c833,1079,Delivery,187,57,True,negative,1976-04-11 10:59:43,3.12,BREACHED
41061259-c97e-48eb-b425-74fdcaa20f44,1841,Orders,263,87,True,negative,2015-11-15 03:56:47,4.38,BREACHED
b20c6d67-f712-4a86-8598-a166c087de2f,1575,Delivery,599,32,False,positive,1978-05-24 16:24:17,9.98,OK
3f3c2f7b-b04c-4fb8-a171-0777f47a8be1,1923,Refunds,546,36,False,positive,2020-04-25 06:46:00,9.1,OK
a6543fab-5b48-41cb-8845-1410156abf56,1746,Refunds,60,45,True,neutral,1988-01-28 03:13:38,1.0,BREACHED
6b8f3ef1-876d-4636-8c2c-8eab6e57528d,1383,Orders,193,47,False,positive,2016-10-23 01:35:39,3.22,OK
c8556f2f-db1d-4fe6-8fcc-d5aad11f9ec0,1514,Refunds,97,26,True,negative,2002-10-26 09:03:02,1.62,BREACHED
1c6d1b53-c8c3-4aa6-a7b7-829eae1cf504,1780,Refunds,202,29,True,negative,1971-11-07 07:31:05,3.37,BREACHED
5871dbc7-34b2-408b-b9df-4c85266de157,1274,Payments,234,74,True,neutral,2015-01-20 13:44:51,3.9,BREACHED
d1574335-d2bc-4646-9a4d-39ab17e550e7,1457,Orders,342,92,True,positive,1973-10-08 20:45:07,5.7,BREACHED
18ff973a-565f-44b5-82a1-a36b4669dd88,1823,Payments,506,50,False,neutral,1997-05-04 04:09:21,8.43,OK
5928a9d9-b49d-4d20-aa79-50fe7c801cbd,1642,Payments,328,41,True,negative,1989-03-26 23:09:49,5.47,BREACHED
a08dffb4-7427-4030-8e3a-009b0389420f,1206,Payments,94,75,False,positive,2016-10-22 09:08:01,1.57,OK
99481126-a915-408f-a79d-b3c2530a29c0,1570,Orders,335,23,False,positive,2014-09-26 15:58:03,5.58,OK
d9573ad9-631d-4a07-bf58-aafa7992285a,1912,Delivery,243,53,False,positive,2023-04-01 04:12:50,4.05,OK
40f187e7-341d-4f71-abfd-5e91ba52e39a,1141,Payments,353,118,True,positive,2016-05-21 07:19:35,5.88,BREACHED
e9a7deb1-efac-4f42-8c65-dcceddb7a675,1533,Payments,126,117,False,negative,1973-08-28 13:46:16,2.1,OK
2824433e-ed1b-42e4-926f-8a42f2527205,1155,Orders,333,31,False,positive,2022-10-28 12:52:26,5.55,OK
9c9f5168-88a9-4791-a5c9-f3f45f5f9906,1581,Delivery,317,88,True,negative,2008-03-31 18:42:56,5.28,BREACHED
88e09499-c6b1-4362-ab25-c121f969f278,1132,Payments,213,72,True,positive,1974-03-10 19:02:18,3.55,BREACHED
1067a4be-4547-497c-95f3-487fd0c773c4,1966,Refunds,145,96,True,neutral,2017-04-28 08:39:29,2.42,BREACHED
9a22ae86-92e1-42c0-be73-c931292dbd87,1620,Delivery,394,57,False,positive,1980-12-16 16:41:08,6.57,OK
7895c1b5-115b-4504-8462-ceb7c8d90d75,1834,Orders,489,53,False,positive,2017-07-29 15:25:52,8.15,OK
933e30f5-7fcd-4ea9-8471-88d1ff1711e4,1715,Payments,88,61,True,positive,1987-04-13 20:12:21,1.47,BREACHED
17f0a866-01cd-41fb-a8cd-eb0a75cf6e35,1377,Refunds,119,12,False,neutral,2021-12-11 05:43:23,1.98,OK
0f325cf3-675f-400d-b719-85202e0431ef,1699,Refunds,541,54,True,neutral,2006-08-11 17:32:54,9.02,BREACHED
942c8a6d-622c-4b2a-a155-10f7b1f84fd5,1159,Payments,166,36,False,negative,1998-10-16 02:06:05,2.77,OK
954d51a9-7a33-4350-9f85-3bec2472c5ac,1132,Orders,408,22,False,positive,2011-11-04 00:45:43,6.8,OK
1cea1510-1666-4d3d-ac70-8bd1a414763d,1051,Refunds,439,34,False,neutral,1991-04-25 12:44:31,7.32,OK
19dcd0d3-bf44-4e54-a91d-5dde46457e20,1484,Delivery,497,99,False,positive,2024-04-27 18:16:19,8.28,OK
08f55499-3fd9-4142-be5d-6fa2eeeabb55,1445,Payments,277,22,False,negative,1977-06-25 18:51:38,4.62,OK
5c4f20fe-50e6-46da-888c-f6b026620d92,1376,Orders,590,95,False,negative,2016-09-18 09:25:37,9.83,OK
a912675e-1dfe-4215-94a7-b9ebeb8ce5a3,1112,Refunds,271,94,True,positive,1998-11-01 04:07:11,4.52,BREACHED
8388cab3-8aca-441f-8434-d37a25fb1835,1103,Orders,163,78,True,positive,2010-09-10 11:15:27,2.72,BREACHED
7a234c06-02d2-4fce-b112-79dd77e5a324,1690,Payments,589,71,False,negative,1979-06-07 03:32:51,9.82,OK
44f6c606-c888-46e3-8666-4a43ea5cc549,1469,Orders,318,45,True,negative,2008-08-15 07:53:45,5.3,BREACHED
2d28cfcf-6814-4cb5-9c34-131072b08bd8,1182,Delivery,215,13,True,negative,2006-12-25 10:31:23,3.58,BREACHED
75cd6e50-ab60-4553-a32d-30149a4cca5c,1861,Delivery,101,76,True,neutral,2025-01-12 20:13:40,1.68,BREACHED
b14c3bc3-6db4-4a19-acf7-f868f44001a9,1150,Refunds,344,78,False,negative,2018-04-23 05:14:04,5.73,OK
1b17330a-d243-46fb-936f-2d9d92746f83,1619,Refunds,496,85,True,positive,2008-11-30 01:47:27,8.27,BREACHED
010f84c4-9bbe-4caa-98da-8fea93ae3956,1018,Delivery,562,68,False,negative,2004-06-02 16:47:46,9.37,OK
462558b7-2ca5-4c75-8f13-07203731383a,1603,Delivery,207,51,True,negative,1978-08-28 12:03:50,3.45,BREACHED
8d9e354b-4383-4c59-8176-e9dfb0f15f1c,1879,Payments,539,103,False,negative,2009-07-12 22:24:12,8.98,OK
e869f63a-e9e1-4bc4-9932-d4ad0a3aaaf4,1597,Orders,507,32,True,positive,1985-09-30 09:36:52,8.45,BREACHED
fc7ee20d-0c9e-4329-9f50-960d01c5d9f2,1387,Payments,264,41,False,negative,1999-12-15 16:02:32,4.4,OK
93c348e6-5dbf-43ea-af83-01bdc72afc1c,1617,Orders,502,19,True,positive,2013-03-16 14:56:33,8.37,BREACHED
ff71bf6d-86ed-4841-8833-5f3e79b0679e,1508,Orders,333,102,False,negative,2010-06-03 16:29:45,5.55,OK
63b890e9-3b67-468a-9cab-40fcae474e65,1971,Delivery,242,12,True,neutral,2017-09-27 12:29:34,4.03,BREACHED
05752559-20ed-4835-83c4-6b51ab27bebf,1477,Refunds,384,20,True,neutral,1999-11-28 17:07:14,6.4,BREACHED
24a66f4a-074d-4b6a-abe8-1572a4045c5f,1789,Refunds,270,13,False,positive,1974-12-10 08:27:41,4.5,OK
09fd71b5-45a3-4049-ae0d-f544d64a8f11,1147,Payments,510,35,True,negative,2016-03-29 19:27:21,8.5,BREACHED
d45a731f-8d74-48ec-ab94-a45cbfd44d56,1963,Orders,590,19,False,positive,1983-04-28 04:47:51,9.83,OK
ab6d7070-2cd8-4ea9-8e18-15bbf033d0f7,1135,Payments,433,24,False,neutral,2018-01-31 03:47:43,7.22,OK
42f7ecb4-8588-4e9f-9a74-c81b5d2af69e,1721,Orders,327,108,False,positive,1991-05-06 17:10:38,5.45,OK
2c5a9c97-e96d-49bf-9be8-58fa81eb4dc2,1255,Payments,364,57,False,neutral,1994-08-02 22:55:50,6.07,OK
8fd430c3-2b14-40a4-89d8-716cf0653e31,1160,Refunds,180,77,False,neutral,2007-03-25 13:36:52,3.0,OK
b4fb051d-bd63-4d79-9d5f-660e93c3bf38,1885,Payments,214,113,True,neutral,2024-10-09 14:22:10,3.57,BREACHED
d8b9f85c-e1ca-4068-ac44-79e3b68730c2,1967,Payments,260,99,True,positive,2019-08-05 21:12:13,4.33,BREACHED
668b2886-6c34-48ac-a8d9-01d2df7d0a1a,1155,Refunds,227,32,True,neutral,1991-04-29 19:08:55,3.78,BREACHED
52e36f06-9cdd-4305-b096-a8d248253c94,1308,Delivery,600,83,True,positive,2017-04-04 21:45:12,10.0,BREACHED
e144f2d3-2388-4172-812a-b902616b5947,1988,Delivery,495,93,True,negative,1972-10-13 13:12:31,8.25,BREACHED
b736810b-88a1-4b77-94bf-90536dd1e52f,1227,Refunds,510,70,True,positive,1971-07-03 10:59:16,8.5,BREACHED
635b9659-1a5f-4217-babd-67609260415c,1281,Refunds,383,30,False,neutral,1997-02-22 04:54:28,6.38,OK
368d6bb9-b2ed-4677-8be4-a1db7dd8c1f8,1840,Refunds,213,86,False,negative,1997-05-11 20:11:01,3.55,OK
642c7ae7-eab6-49e4-9501-1a48bb966efd,1636,Orders,135,81,True,negative,2024-07-25 11:20:51,2.25,BREACHED
0d21d408-b69e-4866-941f-3b7e8a40877f,1313,Refunds,126,63,True,positive,1988-06-22 19:28:49,2.1,BREACHED
901c7657-4f87-4776-8b9a-eed8c2edff99,1500,Payments,522,43,True,neutral,2011-11-06 19:56:13,8.7,BREACHED
a7575869-1e79-4ed0-b406-963eca052dd8,1999,Orders,407,104,True,negative,2003-08-09 19:11:50,6.78,BREACHED
6bcbfb3e-7de2-43d1-8d48-e177db9e60ea,1649,Payments,573,32,False,negative,2000-07-14 21:59:11,9.55,OK
a02a099f-ae3d-4c85-adf0-576d6abfc088,1472,Refunds,186,29,False,negative,2003-04-14 00:47:08,3.1,OK
48a38e7e-4c4d-4855-842b-5181d9581362,1343,Delivery,363,67,True,neutral,1970-12-03 19:48:44,6.05,BREACHED
062fd40c-78a2-4fc5-8a2f-2e5b8f99f356,1796,Delivery,423,38,False,positive,1986-04-12 11:44:49,7.05,OK
c72f0810-41b1-4940-8beb-9a34ef707b3d,1651,Delivery,332,53,False,negative,2021-05-01 03:12:11,5.53,OK
c45a73a9-6256-4c9a-8714-562f23ca7d6a,1394,Delivery,474,85,False,negative,2004-03-10 23:19:21,7.9,OK
0b09434a-db5a-4e4d-980d-dc97b862b302,1310,Refunds,213,120,False,positive,1973-11-11 17:17:31,3.55,OK
202c169c-9ad7-4b6b-9e09-2761757cf868,1908,Payments,235,99,True,negative,2015-08-14 00:32:34,3.92,BREACHED
2ebfb1d7-62ab-4765-810e-7661212447f5,1011,Orders,170,48,False,positive,2002-07-12 22:47:05,2.83,OK
76452e11-7fa4-4465-8788-104048b5a420,1239,Delivery,266,95,False,negative,1979-07-13 17:22:37,4.43,OK
13963ece-ae9e-4d79-b49d-4cabfd5cdf79,1663,Orders,454,16,True,positive,1986-07-23 10:28:32,7.57,BREACHED
b1a52c0d-ef19-429c-815a-afb4af050d7c,1419,Delivery,262,87,False,neutral,1995-07-02 17:27:44,4.37,OK
22a55f84-5f7f-4c78-aad7-680a86b20609,1753,Refunds,295,82,False,positive,1998-11-08 01:09:54,4.92,OK
1380a960-6090-4d69-8284-20c0e39699ad,1224,Refunds,273,76,False,negative,1974-10-25 03:01:15,4.55,OK
4648de9f-bdc0-4ca2-a098-b9bf33f42043,1765,Orders,311,57,True,negative,2023-01-26 11:19:26,5.18,BREACHED
cb7173ac-b42f-47a2-bdc2-0fff53ef390d,1929,Refunds,159,98,False,neutral,2022-01-26 12:10:58,2.65,OK
d7522836-f13b-444e-a5dc-1ab1aba2b6cc,1026,Payments,443,34,True,neutral,2022-08-18 09:31:48,7.38,BREACHED
8ec5a667-cfd9-48da-a822-2e1b7280d465,1008,Delivery,385,69,True,neutral,2017-09-28 07:39:18,6.42,BREACHED
ef010f5b-26ca-481e-a058-9e0fa996f3ba,1764,Delivery,62,63,True,neutral,2002-08-25 01:04:22,1.03,BREACHED
ae35f5bd-b40d-4a83-97ea-117ec7022831,1143,Delivery,467,81,False,neutral,1983-08-17 15:30:28,7.78,OK
f7c12294-0ee3-41d7-bd55-054d3a41e14a,1596,Payments,395,6,True,positive,2018-12-29 22:40:54,6.58,BREACHED
77181769-d449-4e19-bad7-d92f8122e19c,1691,Payments,425,82,True,positive,2013-10-17 07:33:00,7.08,BREACHED
412174e1-19fd-43c2-8674-74fe9e584035,1701,Delivery,352,53,False,negative,1976-02-04 17:42:46,5.87,OK
c5bb73b1-c31a-4535-875c-0e17df42c4d6,1400,Delivery,469,51,False,neutral,2013-10-25 07:30:39,7.82,OK
8acb4cd5-148a-4c5d-9b27-1e069bb71de4,1387,Payments,541,27,False,negative,2004-04-23 07:33:44,9.02,OK
91da3bd6-49ec-4584-bb5c-ffea217c2e48,1322,Payments,200,31,True,positive,1970-12-22 05:50:38,3.33,BREACHED
77f3e8c3-41fe-4c59-8b57-72f8e06dae54,1794,Refunds,437,5,True,neutral,2021-03-01 11:07:12,7.28,BREACHED
94d543ad-c356-4575-9722-ce0b603446ac,1170,Payments,331,75,False,neutral,1996-01-21 15:45:40,5.52,OK
31bd4575-e92a-425c-95fe-60ad675bd55f,1757,Refunds,117,43,True,neutral,2005-11-03 23:20:00,1.95,BREACHED
076aa23b-edc9-4b2a-8829-6eb8f0afee58,1657,Orders,65,74,True,negative,2018-07-10 15:14:34,1.08,BREACHED
65d15123-8662-4761-ae48-64808e5290fd,1101,Delivery,402,6,False,positive,2019-06-21 20:42:57,6.7,OK
c621c049-1469-4ace-b502-473039c25d83,1578,Orders,463,37,True,neutral,2010-06-18 16:18:36,7.72,BREACHED
832c3a84-1e43-4c79-b27f-913600cff2d6,1395,Refunds,100,95,False,neutral,1974-06-28 11:15:09,1.67,OK
6c4e32e5-3a81-4897-9e17-d93817798860,1719,Payments,454,40,False,negative,1972-07-20 15:34:17,7.57,OK
a592fcea-fe77-4dd3-a37e-86f795d097ca,1304,Payments,227,111,True,neutral,1983-03-19 08:22:45,3.78,BREACHED
367c7c7b-bf02-4a51-8228-66733ec0d663,1651,Delivery,169,11,True,neutral,2013-06-01 18:39:48,2.82,BREACHED
2168e6a4-3fae-4658-853c-2894c73f89c0,1081,Refunds,346,8,False,negative,1991-02-21 05:20:50,5.77,OK
dbf24d8c-6823-4375-bf68-61614f1c45d5,1112,Payments,137,10,True,negative,1991-05-31 15:56:57,2.28,BREACHED
ab546d0b-5843-4aa7-8466-56b48a262fbc,1226,Delivery,524,85,True,neutral,1976-07-08 09:54:13,8.73,BREACHED
4344a3e7-1bc5-429a-8f36-b69ca87c42ae,1270,Orders,497,54,True,neutral,2006-03-13 23:32:45,8.28,BREACHED
3bf22346-ca08-44e2-9a8b-068765d44c7c,1867,Orders,490,38,False,negative,1996-06-24 18:52:37,8.17,OK
cc2345d0-2545-4c4d-9e4d-6fc7d3fe7add,1426,Delivery,217,10,False,positive,1999-04-30 15:50:33,3.62,OK
83ac83ea-83b6-45b0-948b-ace4cb0bd688,1205,Orders,110,45,True,positive,2007-02-13 10:06:21,1.83,BREACHED
9d4c051d-718f-4d89-abed-614be79ca0bd,1505,Orders,409,99,True,neutral,1972-02-14 11:54:22,6.82,BREACHED
3216175d-12e6-49d6-b012-6c9a174de909,1853,Delivery,77,41,False,negative,2007-10-11 11:22:08,1.28,OK
2e0f91aa-259c-42d8-81cf-ac70a17d68eb,1601,Orders,338,50,False,negative,1995-07-07 16:37:32,5.63,OK
fa2044f1-c3c3-49c6-95c4-973dd4373f00,1926,Payments,416,29,False,positive,2020-05-19 03:39:05,6.93,OK
b7d4caa0-ad1e-4fab-9a28-df138812be8a,1261,Delivery,86,78,True,negative,2020-12-05 09:58:21,1.43,BREACHED
d07ba829-8012-43a5-af7e-8d3bff38882d,1233,Orders,278,46,False,negative,1996-09-12 05:29:17,4.63,OK
35a4a310-07f9-4f4c-9070-6b899fe1609c,1423,Orders,542,29,True,positive,2015-03-27 20:18:16,9.03,BREACHED
5b20564e-3b54-4d39-9e9c-5218c4acdb3a,1310,Delivery,110,55,True,negative,1988-07-26 21:50:34,1.83,BREACHED
9a773021-1774-48be-9bc2-1960fef6d8f9,1829,Refunds,319,16,True,positive,1983-11-17 17:31:44,5.32,BREACHED
d62a7694-ec6b-44a5-bf55-c25b7769bc39,1110,Payments,103,100,True,positive,1979-12-26 15:29:42,1.72,BREACHED
2a3df980-493d-4202-b562-0d169f9a5f07,1082,Orders,368,9,True,positive,2020-07-21 14:19:10,6.13,BREACHED
a880fa4e-f22a-4ceb-96f9-ac63383bf39a,1337,Orders,600,117,False,neutral,1991-08-02 05:28:17,10.0,OK
5b45f8c6-4497-4201-b90f-db1f084156b2,1257,Orders,126,113,True,negative,1985-03-22 11:12:30,2.1,BREACHED
f6bed318-de8d-4c94-b618-aa2718c543cb,1185,Orders,535,99,True,positive,2020-08-27 15:09:25,8.92,BREACHED
7dac4df4-7879-445b-a8f5-2521d8dc9592,1363,Payments,382,10,True,positive,1997-10-04 05:06:24,6.37,BREACHED
b9ca55c7-c236-495a-b9d2-486b4b24713f,1363,Refunds,165,50,True,positive,1977-09-11 20:18:20,2.75,BREACHED
7937a2a2-ded3-48af-9843-56c4451790c8,1531,Refunds,69,117,False,neutral,1993-04-23 17:42:20,1.15,OK
9a33534c-344c-47ed-be88-e1e0498836c3,1555,Delivery,150,29,False,negative,1998-04-28 03:22:22,2.5,OK
21d2e12f-e6d4-43cc-935d-7ccf7fed009d,1908,Refunds,494,24,True,negative,2007-03-04 01:57:52,8.23,BREACHED
e64c5156-48fc-46d5-a2ee-c0dd043be418,1128,Payments,491,97,True,positive,2022-07-26 06:31:53,8.18,BREACHED
2083baca-b606-4c0e-ab6a-e6ffd3344423,1609,Refunds,553,41,False,neutral,1978-05-03 16:10:21,9.22,OK
48f680a7-2521-443b-9933-4010c06067b0,1472,Payments,215,17,False,positive,2019-03-08 22:57:16,3.58,OK
a80081a3-a08f-487f-87d8-d34531507bcc,1793,Payments,474,17,True,positive,2020-05-30 15:40:19,7.9,BREACHED
7538ccd2-e596-4093-afcb-320ba5113035,1730,Orders,188,75,True,neutral,2004-04-28 09:52:51,3.13,BREACHED
61c4a525-2fad-46f3-aa57-a467f82c2fcf,1227,Refunds,191,118,True,positive,1995-12-20 13:29:16,3.18,BREACHED
d4c092f1-a9d1-4751-8c72-ba7fa2f7b6a8,1918,Orders,482,18,False,negative,1998-03-30 01:50:41,8.03,OK
afa91c0a-de47-4d01-a96d-19a6832d33fe,1120,Delivery,219,79,False,negative,1971-01-03 12:18:24,3.65,OK
2f3e0802-6645-4f72-8e68-8c516455385a,1181,Delivery,417,29,True,positive,1987-10-28 18:33:08,6.95,BREACHED
5d643de1-9dd8-4ec1-89f2-b8a2897c625b,1705,Orders,517,26,False,neutral,1985-06-29 03:37:47,8.62,OK
64be1ba8-dd58-4be5-9689-77eb6627ba68,1333,Delivery,119,29,False,negative,1993-09-16 22:11:25,1.98,OK
c3fa8d63-7cf0-4d64-a2b9-1eeedc5e4fdb,1447,Refunds,449,49,True,neutral,2020-07-02 08:43:22,7.48,BREACHED
e779e8f0-b684-4654-9fea-2f67629c575a,1527,Payments,182,120,False,positive,2016-03-02 11:25:19,3.03,OK
5d6b67bd-fb4d-4e22-8381-e90702dc8aff,1109,Delivery,423,18,True,neutral,1990-07-11 00:13:07,7.05,BREACHED
f111b8db-d77c-4bd3-8d1c-eda7a9ae6d86,1136,Delivery,582,104,False,neutral,1979-10-13 11:13:38,9.7,OK
c00a9c5b-f46b-4b4e-bed6-ab0bffb5e706,1097,Delivery,183,71,False,neutral,2018-11-11 13:44:59,3.05,OK
c3db852f-33e8-4367-951c-0a4e4d619ad7,1070,Refunds,555,112,False,neutral,1998-10-16 08:08:35,9.25,OK
d7daf3f0-3ae7-42e0-b14d-81aecab45850,1406,Delivery,367,18,False,negative,1970-03-17 15:13:26,6.12,OK
eb6e5b0d-3a2d-4e68-ae34-5793e11d1261,1600,Refunds,284,60,True,neutral,1986-07-13 14:51:43,4.73,BREACHED
d9f989b1-a5df-4daf-ac4e-e4d4cb4c45de,1343,Refunds,303,11,True,neutral,2020-04-22 19:04:40,5.05,BREACHED
5cd30a14-6dd7-4228-8446-9f150210f1b4,1079,Delivery,500,37,True,negative,2007-04-17 10:45:28,8.33,BREACHED
4dd29e88-81f6-4ddb-92eb-fd46809574b8,1887,Orders,439,46,False,negative,2010-11-23 21:24:43,7.32,OK
82918fb5-a64e-4a90-853d-d1ffe9f51c9c,1929,Delivery,72,84,True,positive,1981-11-26 07:32:22,1.2,BREACHED
67eb04b6-07d5-42d0-979f-cb1c0bce3e52,1475,Delivery,500,33,True,negative,2006-05-31 18:22:33,8.33,BREACHED
aa6d3f86-2caf-4356-8bad-0f4bc0f2abe8,1670,Payments,344,50,False,neutral,1975-11-16 16:39:09,5.73,OK
fcdc253c-84e1-49fa-9ba7-e4708843c592,1514,Orders,113,27,True,neutral,1978-08-31 22:29:37,1.88,BREACHED
ef77b183-02cb-4d41-9bc1-3016b2af2d0a,1648,Delivery,255,26,False,neutral,1989-01-17 00:20:30,4.25,OK
97b812d0-9f9d-4937-ac54-933ce75f03df,1321,Delivery,136,11,True,negative,1993-08-20 15:44:52,2.27,BREACHED
01e31103-ed77-4830-8fa7-22709a914ed5,1199,Delivery,105,23,True,neutral,2019-01-26 05:40:38,1.75,BREACHED
fec886d6-061c-4bfc-a6e9-41bbad848322,1049,Orders,489,48,False,negative,2020-08-08 18:18:35,8.15,OK
8ca18b1c-4339-461a-93e3-17df36c190b1,1878,Delivery,192,71,False,neutral,1996-05-09 17:37:03,3.2,OK
9f25d2c4-e431-4025-be21-6e379f306c1c,1774,Payments,152,116,True,neutral,1983-07-06 10:03:47,2.53,BREACHED
9f9b838f-342d-4491-ae35-c93f9cc6cdb7,1459,Orders,290,56,True,positive,2003-02-17 23:36:46,4.83,BREACHED
d2aa22ce-f143-4a3f-b926-cf8b72905db6,1062,Orders,543,103,True,negative,1983-09-15 19:22:25,9.05,BREACHED
23511265-cdb7-4aa3-a824-bbc19733eb1a,1723,Delivery,424,70,True,negative,2000-12-16 10:35:04,7.07,BREACHED
ea5f88a4-f48e-4379-a998-89372e03fbe9,1413,Refunds,115,37,False,neutral,2007-05-30 13:12:45,1.92,OK
3647f3b7-4dc0-4a1b-bb7d-4f4f8ec63e9e,1857,Payments,308,97,True,positive,1985-07-27 06:06:14,5.13,BREACHED
fc89a902-cf74-43bb-81f1-725b41c2ce1f,1159,Delivery,295,119,False,neutral,2006-04-08 10:32:45,4.92,OK
8bb780aa-d011-42cd-8aab-763887d5790f,1823,Payments,455,57,True,neutral,1977-05-12 05:25:43,7.58,BREACHED
c641d02f-5d39-4c90-a7be-57016608e2a1,1375,Refunds,366,111,False,negative,1999-06-24 16:26:01,6.1,OK
3e051242-88c6-4ce5-aa19-20f47689481b,1834,Delivery,314,44,True,negative,1988-12-06 12:53:47,5.23,BREACHED
96dc22b0-2b0a-4c6b-b513-1bbfc84e0d8f,1996,Delivery,127,7,False,positive,2015-11-29 11:22:16,2.12,OK
42758646-8231-405d-a2d6-eba82078e59b,1331,Payments,351,68,False,positive,1986-12-28 14:56:06,5.85,OK
7dbeaf6b-28ae-4801-a33b-63e2c53bcc01,1907,Payments,219,96,True,positive,2001-01-06 23:24:33,3.65,BREACHED
efcda781-d30b-46ba-9819-dcee4b721410,1612,Delivery,331,43,False,neutral,2005-02-28 13:58:03,5.52,OK
12805757-123a-426c-94cb-64b67aff27af,1314,Delivery,597,115,True,negative,2020-01-27 14:16:39,9.95,BREACHED
7ce15972-f7f6-46c8-b090-ff41f9f48598,1111,Payments,470,11,True,negative,1978-08-18 23:50:05,7.83,BREACHED
1b2027a7-59a1-432d-b5a8-84e0d558f120,1217,Refunds,497,105,False,neutral,1981-05-03 09:49:40,8.28,OK
eb2f3b35-38eb-459c-bd00-d1fc85dd0556,1703,Refunds,252,25,False,neutral,1979-11-17 07:29:21,4.2,OK
6aa44926-a616-4496-ac8a-15cab791a0f8,1909,Orders,533,43,False,neutral,2018-01-05 16:14:43,8.88,OK
ba99fce4-573d-4ee3-b789-8710a258ee07,1756,Payments,180,96,False,positive,2013-11-08 22:14:58,3.0,OK
18b13712-022a-481c-961f-7c7640c2e13b,1896,Payments,92,61,True,positive,2003-02-16 00:24:09,1.53,BREACHED
0cc546db-ddc6-4d84-8ce0-dacb1eb0656d,1628,Payments,318,95,False,positive,2013-04-14 03:17:57,5.3,OK
2fe2eaa9-b44d-498d-a84c-b292480b878f,1942,Orders,157,7,True,negative,1991-02-14 23:26:12,2.62,BREACHED
a2d98f4e-c261-419a-9383-c540de3fb2d4,1474,Orders,587,28,False,positive,1977-07-06 21:03:28,9.78,OK
7bbc50ae-b268-45ed-80e1-a6fffe0a3715,1743,Orders,243,73,True,negative,2025-01-20 01:58:57,4.05,BREACHED
7db00e4b-3f18-415f-9628-0679b9dd595c,1972,Orders,68,84,True,negative,1997-12-26 06:31:57,1.13,BREACHED
6d0a2ebc-b25d-48dc-8d25-0a3ef232f044,1792,Delivery,434,14,True,positive,1980-04-19 15:39:58,7.23,BREACHED
32c30730-9b8b-4aa0-ae8d-02def7e76ff3,1605,Refunds,484,26,False,positive,2016-12-02 23:43:42,8.07,OK
583628a3-187b-45f7-8882-1a6bf4008ee3,1405,Refunds,596,42,True,negative,2020-01-05 02:24:11,9.93,BREACHED
dc249887-25e0-4aec-9700-0e39b5c01c41,1065,Payments,440,80,False,negative,2014-12-05 10:38:49,7.33,OK
1a7541f6-8504-4239-8561-139919b8875e,1298,Delivery,468,53,True,negative,2014-07-08 17:01:40,7.8,BREACHED
0e8d84bc-fd55-4d8e-a4fa-ee3edc1ff62d,1706,Delivery,123,103,True,neutral,2003-11-22 11:02:50,2.05,BREACHED
ead14016-9cce-4fd1-bda9-1b3a44038814,1767,Orders,260,29,True,positive,2012-05-18 02:29:57,4.33,BREACHED
e2f0787e-ad7a-4c70-a2cc-83d533e977ce,1153,Refunds,319,91,True,neutral,1975-11-03 08:55:41,5.32,BREACHED
51e64c70-d3f4-4cd4-9593-f4568428dccf,1528,Refunds,344,22,True,negative,1987-12-13 03:19:07,5.73,BREACHED
629694e9-381b-4842-ae91-2f20c91ef723,1990,Payments,108,54,False,negative,2013-06-05 06:10:58,1.8,OK
a054d11a-d7c8-4363-a1a5-2a01d177e9be,1140,Refunds,70,17,True,negative,2005-11-30 10:32:37,1.17,BREACHED
d1acc707-bf63-47cb-becc-46583717a5d3,1182,Refunds,281,39,False,negative,1984-05-09 13:40:59,4.68,OK
753d8950-9fbd-4a81-a5cb-1776e6af9023,1722,Payments,170,58,False,positive,1980-01-06 14:45:14,2.83,OK
6fe7ca74-55f2-4129-8053-7ab579195377,1486,Orders,241,84,True,neutral,2010-10-31 08:59:45,4.02,BREACHED
b0750b03-cb8d-427b-84b4-148ee3965c38,1626,Orders,311,61,True,neutral,1995-01-18 17:57:30,5.18,BREACHED
d7e09671-b624-4ec3-89ec-83d2289e3b51,1298,Orders,235,65,True,negative,1993-11-04 05:44:50,3.92,BREACHED
b2a3fcda-dc50-4987-83ca-3762cde1f928,1189,Delivery,258,62,False,positive,1975-06-24 19:08:59,4.3,OK
6ba450dc-f4bb-44b8-9db0-62e33d417e14,1083,Refunds,587,17,False,negative,1980-02-24 01:28:37,9.78,OK
0639e8a0-e915-4a3c-b272-daac0014e4e3,1677,Orders,210,49,True,negative,2011-05-18 02:47:04,3.5,BREACHED
7cee15de-4786-4c89-bdcf-68d4591f1b76,1392,Payments,359,66,True,positive,1980-07-11 07:09:22,5.98,BREACHED
f8334dc0-549e-44d1-9e63-ad6daaafdcdb,1997,Delivery,137,30,True,negative,2002-09-26 21:48:20,2.28,BREACHED
d9104a4c-c428-4a47-ad91-c1a782a6f4e1,1676,Delivery,123,10,False,negative,2024-03-07 08:36:14,2.05,OK
24c95b3d-f11a-4b38-964c-6a11928070f5,1380,Delivery,389,13,False,neutral,1970-07-11 01:19:56,6.48,OK
f92ecf92-dbf5-45b5-9aeb-036c960cbec5,1475,Payments,158,61,False,neutral,1997-02-27 04:01:05,2.63,OK
cda23071-e755-4a23-949b-d715d4a4fbda,1670,Refunds,438,45,False,positive,2026-02-04 10:55:05,7.3,OK
86bab891-f089-40f5-9076-c0773a76707b,1910,Payments,521,38,True,negative,2012-03-08 16:17:39,8.68,BREACHED
3384896d-db83-43c3-ac0f-730229b7b2a1,1244,Delivery,169,39,True,neutral,2006-11-03 13:27:37,2.82,BREACHED
e37b93ea-f861-4f7b-8ebc-018dcdcc3069,1713,Refunds,100,107,True,negative,1982-08-14 12:35:29,1.67,BREACHED
ab5d576d-077e-4c54-8963-fe2d537fc86d,1625,Orders,83,31,False,positive,1970-06-22 21:56:32,1.38,OK
86c98a86-c7b8-4dc4-908a-8b0417b839b9,1399,Refunds,554,62,False,positive,2000-01-05 18:45:57,9.23,OK
461dcac7-abaf-495b-b948-7ab312e1ba8a,1251,Payments,248,88,False,neutral,1989-12-29 09:08:00,4.13,OK
841ac870-95fa-478c-983d-7bc895c87410,1455,Delivery,188,39,False,negative,1976-02-29 02:08:33,3.13,OK
a2b50897-6916-45ef-8f37-8dab7db3246f,1253,Orders,282,106,False,negative,2001-12-06 06:16:55,4.7,OK
c77d20bb-2abf-40a9-aa48-6d6657c05608,1032,Delivery,166,40,False,neutral,2009-07-22 13:05:36,2.77,OK
3c1a15dc-015b-4980-8cf0-6c1042bf0377,1437,Payments,538,37,True,positive,2017-03-21 23:01:55,8.97,BREACHED
0457867c-c171-4fd6-a697-93b4819a49f7,1224,Orders,238,112,False,negative,1979-08-18 19:00:53,3.97,OK
a87354d4-e854-4f3e-b3cb-d415f9a6ba96,1440,Orders,486,95,False,negative,2014-01-09 08:18:11,8.1,OK
4e1dd776-e827-41c3-ac49-7b3ee138b2f1,1194,Delivery,480,118,False,neutral,2020-10-01 00:31:14,8.0,OK
3f553b77-acd3-423a-8def-6ca5834bbda2,1917,Orders,362,15,True,negative,1986-04-09 18:57:49,6.03,BREACHED
9e2798c5-7cfb-491c-8e66-b4132fbc7c8a,1924,Orders,600,22,True,negative,2012-07-12 08:12:37,10.0,BREACHED
da9cdc72-22e9-4ed6-aff7-f8bd773ed9a5,1578,Refunds,268,113,False,neutral,2006-06-07 21:07:25,4.47,OK
bd1f1b5e-5417-4b60-b5bc-b88e08c3a281,1169,Delivery,102,112,True,positive,1976-09-29 16:52:02,1.7,BREACHED
6ea06839-f300-4204-af2b-7815f3828a36,1903,Orders,344,107,False,positive,2024-03-17 14:34:34,5.73,OK
f8131df1-036a-430a-93a1-671084eb7fb5,1765,Payments,134,108,False,neutral,1982-03-11 06:26:54,2.23,OK
80dbdbc0-606b-4d44-b973-457a666f3d52,1956,Payments,183,5,True,negative,1981-01-21 23:10:18,3.05,BREACHED
ce33c1e5-7890-4e54-ad3e-79f24cffb920,1012,Delivery,549,46,True,negative,1995-09-19 11:54:08,9.15,BREACHED
bea2a602-24d1-474b-8334-883496129c2c,1811,Refunds,164,39,False,neutral,1995-10-21 08:50:42,2.73,OK
c0fdabd1-4117-42a5-b4bd-f872f082aa61,1601,Delivery,468,105,False,positive,2022-10-27 21:23:14,7.8,OK
87c12482-f38e-42b1-b56b-f842b2c69fcc,1467,Orders,216,26,False,negative,2011-06-23 21:48:24,3.6,OK
b060fba4-d62b-404f-b9a7-53df0e9aeef3,1122,Delivery,512,41,False,neutral,2016-06-12 01:56:04,8.53,OK
803c8854-7b3a-4023-84fb-0e4abade9e20,1225,Delivery,403,21,False,positive,1972-04-30 19:22:43,6.72,OK
68bb4cf8-560c-49bb-b3c8-3f2c2ef671a4,1666,Payments,135,108,True,neutral,1987-08-20 07:34:37,2.25,BREACHED
5ef6c46d-7f91-4dc6-b32f-4c7e1d92442e,1905,Delivery,395,117,True,negative,2006-09-29 15:03:04,6.58,BREACHED
7f322c09-bd87-4348-9446-cc2962d0db14,1454,Payments,122,38,False,negative,2017-12-23 09:35:52,2.03,OK
cde77d83-36bc-40bf-87a6-aa4ce750e55b,1277,Orders,580,87,True,neutral,1995-04-05 00:35:12,9.67,BREACHED
ea6a1240-791c-48d4-a5e3-0bd377874271,1171,Delivery,481,85,True,positive,1994-03-02 01:31:57,8.02,BREACHED
cff2e79d-6448-4136-b890-f60d0667312e,1341,Payments,102,116,True,positive,2025-01-20 10:38:31,1.7,BREACHED
f3ba0b57-e052-4bbd-a394-a0a6372ec1dc,1537,Delivery,444,34,False,positive,1979-03-07 06:44:05,7.4,OK
916d6361-0bbb-48a1-ac8d-c3b1d77e960f,1445,Payments,224,49,False,positive,1979-04-10 18:53:10,3.73,OK
a1e8f3d6-a87f-4fbf-ab6e-9f23cb97ce88,1201,Payments,587,72,True,positive,1975-05-08 06:19:18,9.78,BREACHED
a5854c3c-f4a1-4f2d-aca4-7fc3e79e31d4,1105,Delivery,578,40,True,neutral,2019-12-12 15:35:02,9.63,BREACHED
dcd245b1-f919-4982-a02a-2d01524d0cb7,1166,Payments,212,29,True,neutral,1999-08-20 17:36:08,3.53,BREACHED
d1a1f6a4-d642-4035-8fc3-0aa8ef8ae5b9,1638,Orders,343,6,False,neutral,2003-01-29 09:29:56,5.72,OK
2609b007-d0d9-41ce-8937-cfafc18ea241,1999,Payments,505,24,True,neutral,2002-09-04 07:31:26,8.42,BREACHED
d8729f67-80fd-42e7-bc9c-2ce36923e460,1095,Refunds,396,46,True,positive,1970-12-13 11:42:23,6.6,BREACHED
53db9f88-f739-4153-9d5f-b5a0b51e2f27,1237,Payments,353,97,True,negative,1971-09-15 15:50:34,5.88,BREACHED
66e7059b-3399-4ab6-b044-fb78e44d06f0,1422,Delivery,137,110,True,neutral,1985-09-03 17:20:46,2.28,BREACHED
880a81f0-14c6-4cb3-aa01-884eabc0d7c0,1885,Delivery,268,13,True,positive,2023-08-17 15:23:13,4.47,BREACHED
19c1a9f6-739b-4430-b07a-d183e062776d,1737,Payments,369,20,False,neutral,2016-09-24 08:28:28,6.15,OK
cbc7524a-9eba-4284-9956-9d8e49717d78,1880,Delivery,114,83,False,negative,1974-09-24 06:47:33,1.9,OK
3fac9f74-2bec-4ab4-abba-34387a6859bb,1142,Refunds,255,120,False,positive,2020-02-19 06:59:49,4.25,OK
0aeca5cc-c4dc-4448-baaa-c97b22c865ba,1017,Payments,489,15,False,positive,2005-06-15 23:00:29,8.15,OK
91b38b50-5401-4404-abec-509a88c20594,1982,Payments,284,28,True,positive,1978-09-13 17:51:26,4.73,BREACHED
0b8c06a5-604a-401c-befc-301a45fdc691,1189,Refunds,367,43,True,positive,1987-01-24 10:43:36,6.12,BREACHED
85d560c0-745b-49e3-86c9-8c3ed9effdf8,1886,Payments,409,10,False,negative,1972-08-03 02:17:32,6.82,OK
70093957-2845-4d38-8978-d5ebdb83874c,1320,Orders,103,60,True,positive,1970-02-17 21:01:16,1.72,BREACHED
36d4c90d-75c7-4834-8e0c-2be92077048a,1590,Payments,386,6,False,negative,1994-04-14 10:53:36,6.43,OK
e6e0de15-a0d7-4320-b40e-29cae57c5009,1004,Orders,290,13,True,neutral,2014-08-30 06:41:12,4.83,BREACHED
4605df32-6a8d-46a7-b514-109eb3e03a4c,1100,Refunds,268,46,False,negative,1986-09-19 09:39:41,4.47,OK
635c29ec-7a20-4c8c-b399-a16a69c0263e,1117,Orders,544,88,False,neutral,1980-09-08 06:20:05,9.07,OK
f88d0832-a098-4dcb-aa22-bcc863ccbc6f,1655,Refunds,369,61,False,negative,1988-07-25 12:15:53,6.15,OK
bc8c1a89-f738-4250-a63c-12f639c3c502,1176,Delivery,103,38,True,neutral,2002-03-27 06:20:20,1.72,BREACHED
a24470b4-0c1a-4b93-9cd1-42a460d12be6,1486,Refunds,514,26,True,positive,2009-01-01 02:20:17,8.57,BREACHED
efd77e37-089f-4783-8320-c2c9ce33e6f7,1079,Orders,231,117,True,positive,1988-09-08 00:23:09,3.85,BREACHED
ad6e7cfd-1f61-461b-975f-70e41c4d9156,1579,Delivery,253,68,True,negative,2015-03-18 03:03:41,4.22,BREACHED
802e7abd-5423-4402-a2d3-b215a066781f,1920,Payments,586,65,False,positive,2022-01-03 01:13:25,9.77,OK
92b9077a-ba7e-4e68-92c1-9fecf6044fd1,1987,Payments,161,106,True,positive,2015-10-19 23:16:53,2.68,BREACHED
aafe4c4d-89a6-444d-952f-aec2d6fcf34f,1674,Refunds,447,77,True,neutral,2017-05-07 11:12:36,7.45,BREACHED
527d6e8e-7c27-4499-8baf-0649112f453c,1794,Refunds,537,101,True,negative,1985-11-23 03:53:44,8.95,BREACHED
a81ac74d-9d10-4cff-b819-42829a1027da,1887,Refunds,243,90,False,positive,1998-03-03 14:55:55,4.05,OK
5923f748-2607-4c77-b8fa-eed12cca848e,1359,Refunds,477,84,True,positive,2006-11-19 07:34:54,7.95,BREACHED
ade7697b-c4d7-4764-acae-cd2aa3aeb67a,1858,Payments,429,80,False,negative,2002-07-24 18:19:20,7.15,OK
f37eec18-ec42-4078-824e-60499d193b18,1732,Payments,479,117,False,positive,1995-12-03 15:04:27,7.98,OK
f0d6ab53-525a-4236-a432-0ee816e934a7,1062,Delivery,359,18,False,neutral,1991-02-12 08:47:27,5.98,OK
f2179157-e70f-4f24-8603-9ee40338e519,1066,Payments,318,90,True,neutral,1988-09-25 16:30:23,5.3,BREACHED
1a290f13-9ae6-4024-ae1f-a5871562cbbb,1014,Refunds,528,27,True,negative,1983-06-11 16:45:40,8.8,BREACHED
8f892a59-c598-4973-9997-574753e9d2e6,1644,Orders,315,48,True,positive,2012-01-18 23:00:57,5.25,BREACHED
f7769cc8-8bcf-4ce7-8cd3-39e62deaa4bc,1468,Delivery,93,112,True,negative,2019-05-11 12:12:05,1.55,BREACHED
1a8bab3f-81e0-408f-a283-34126e06f7a1,1733,Refunds,511,67,True,negative,1986-11-11 14:01:35,8.52,BREACHED
477a7807-e869-4ba8-9cdf-992374f20279,1614,Refunds,154,82,True,positive,1987-04-23 01:07:31,2.57,BREACHED
3cf7e46a-2c90-4dd8-84b0-5ad32147107d,1270,Refunds,563,78,True,positive,2008-09-18 05:05:40,9.38,BREACHED
9f1a5766-7e30-4249-9444-943688f64d8c,1127,Orders,273,24,False,positive,2001-12-23 03:32:35,4.55,OK
efd81ef2-8ab2-4311-be29-408d59d7af9a,1437,Payments,167,31,False,positive,1997-11-03 04:29:14,2.78,OK
299217b7-ee9d-4901-84ea-93a07b4d50dd,1891,Delivery,314,111,True,positive,1982-09-21 17:38:14,5.23,BREACHED
077b0c77-2380-4888-8a67-4c5fe08d64bd,1733,Refunds,272,25,True,negative,2004-12-16 23:27:35,4.53,BREACHED
3b9ef75c-2663-4937-bdc2-886c63eac49e,1208,Delivery,441,44,True,negative,2010-03-20 20:59:05,7.35,BREACHED
a6125e11-ed39-41c7-b7ec-cc382e6d78c1,1069,Orders,503,80,True,negative,1985-11-27 04:04:03,8.38,BREACHED
99df1b5f-132f-48da-8d42-27644b4fc484,1761,Payments,533,70,True,positive,2018-09-03 05:21:17,8.88,BREACHED
7cee936a-2afc-432e-9da9-3534676f7978,1400,Orders,396,30,True,positive,1986-04-18 09:50:13,6.6,BREACHED
1c015d14-619f-4282-9e6f-e337c1b9df31,1853,Orders,461,107,True,positive,1988-02-03 08:18:05,7.68,BREACHED
0926bf1c-33ad-4d58-a939-c16cfd22e581,1770,Delivery,190,21,False,neutral,1973-04-25 17:54:34,3.17,OK
04075b72-9640-4253-adb7-0c8ff14e186f,1792,Payments,480,61,False,negative,1979-11-10 16:49:22,8.0,OK
04a740b2-06cb-4c62-8722-77f5aa6490a2,1895,Payments,483,67,False,negative,2014-08-15 03:15:27,8.05,OK
3e3e9adf-9557-440b-a9c8-a87fac51a4aa,1869,Delivery,408,40,True,neutral,2000-10-11 11:34:54,6.8,BREACHED
87dea502-81dc-4545-8dcc-a17779cf5923,1008,Orders,566,29,True,positive,1985-09-11 07:28:18,9.43,BREACHED
3f919147-4a4f-485f-b719-d579351b9f79,1730,Orders,431,115,False,positive,2006-05-02 22:00:02,7.18,OK
0852cee4-bdf3-4dd0-8766-cfab1d5f2459,1269,Refunds,525,85,True,positive,2025-08-10 21:01:49,8.75,BREACHED
f752f63c-e39c-4991-a42f-98acae8999a1,1326,Payments,523,82,False,negative,2011-02-04 03:42:13,8.72,OK
7f7430f8-f3bd-4ad0-b05c-5f378aabc1fa,1035,Orders,266,38,False,neutral,2015-09-19 03:03:41,4.43,OK
6cc4da6c-a23b-4490-baee-79746e50cf3f,1101,Payments,185,117,False,negative,1986-11-21 01:15:54,3.08,OK
30f9f7b6-149c-4aa6-9640-76db9e4fd7ce,1929,Orders,440,50,False,negative,1980-02-17 01:06:54,7.33,OK
e25d330b-492d-4835-8f33-6929c21ca3f2,1842,Payments,594,111,True,positive,2001-04-30 06:10:29,9.9,BREACHED
94eb73c3-0746-4023-88e5-4b5268f5d816,1671,Orders,102,7,True,positive,2020-06-02 04:52:50,1.7,BREACHED
6d9ebec9-f78e-48a5-b1ad-a813aa690975,1928,Refunds,558,78,True,neutral,2019-02-25 07:22:38,9.3,BREACHED
028fd681-e5a5-466f-9a3e-e44ea91b7f1c,1229,Refunds,113,85,True,positive,1989-07-28 17:42:13,1.88,BREACHED
17f9a821-e502-4134-8f1a-91084dd43c94,1320,Payments,581,100,False,negative,1991-01-13 12:12:23,9.68,OK
a2edbaab-5d79-4bf7-9f6f-4cc73e0e6ee1,1551,Refunds,261,10,False,neutral,2011-05-02 15:58:10,4.35,OK
113b4838-d91e-45eb-8fd3-dce521abe824,1353,Refunds,418,78,False,neutral,2019-07-24 10:25:29,6.97,OK
cb32a9a2-55fd-4c7b-a794-6105d0b4e51f,1572,Payments,73,35,False,positive,1974-12-19 14:16:37,1.22,OK
24918965-3e01-495c-ba10-08e1a85f8556,1073,Delivery,414,99,False,negative,2022-03-04 07:46:07,6.9,OK
d184b83b-3449-4099-9a39-54bae082ec25,1068,Payments,308,45,True,neutral,1980-10-11 01:55:55,5.13,BREACHED
c26b6460-7c34-46bf-9aa5-bd0676a53ee9,1374,Delivery,269,92,True,neutral,1982-02-04 15:10:23,4.48,BREACHED
ce4d792d-0323-4e5d-ad6e-1d2b5119411e,1751,Orders,390,66,True,negative,2000-01-10 06:15:52,6.5,BREACHED
c36d3c08-c093-4516-9d48-cdd5a2bc8de2,1874,Delivery,347,59,True,neutral,1978-11-04 20:08:46,5.78,BREACHED
9dd082fc-0cff-4266-a30e-e9661c0a612c,1914,Refunds,146,53,False,negative,2006-01-05 19:55:07,2.43,OK
c5c4d0e0-f2b0-43f5-b853-f331903ccdd5,1211,Payments,561,53,True,neutral,2023-08-06 14:05:30,9.35,BREACHED
68130cd5-1dfb-4c32-9857-c8398f4ec95d,1550,Refunds,363,64,True,neutral,2010-04-23 08:42:51,6.05,BREACHED
8785d04d-ebfb-4e36-805a-69e7a9fb034f,1149,Payments,125,52,True,positive,2007-08-17 03:16:56,2.08,BREACHED
63ec4924-56a5-4c1c-8b65-ee6f79b346ba,1123,Payments,370,32,False,neutral,1977-02-01 14:28:49,6.17,OK
75fcf95b-60cc-4c19-a355-0adb1002c708,1643,Payments,594,120,True,neutral,1986-12-26 03:43:02,9.9,BREACHED
76458690-76b2-4eb4-be9c-9627c01e2578,1513,Orders,298,25,True,positive,1978-08-02 11:50:31,4.97,BREACHED
0981e8f0-ce4b-4e04-8d0b-325d0ef93c3a,1730,Payments,125,82,False,positive,1975-11-30 05:54:00,2.08,OK
b4eb2002-f405-4d8d-90e0-3e95fcf67143,1540,Orders,69,58,False,positive,1987-07-28 02:18:29,1.15,OK
3e5f5068-a305-4650-ba3d-ddb139586d62,1143,Refunds,581,112,True,neutral,1982-11-29 06:38:06,9.68,BREACHED
cb3a156d-912c-4156-bb1b-9116b2553dcf,1751,Delivery,209,87,True,negative,2015-06-06 23:56:29,3.48,BREACHED
2974f117-b1f2-4243-a47b-e2efd6e33ffe,1826,Refunds,332,40,True,negative,1990-07-10 12:07:27,5.53,BREACHED
97c50484-6c32-45c9-821d-335356a5d607,1544,Payments,563,71,True,neutral,2025-10-26 20:10:55,9.38,BREACHED
c30808c9-333b-4ee6-a83e-089b68f672bf,1678,Refunds,234,87,True,positive,1976-01-14 21:28:49,3.9,BREACHED
778482a3-5ae5-4c18-a519-0f7eccc0f33e,1007,Payments,379,77,False,positive,2018-06-05 10:28:59,6.32,OK
f33e883a-ff87-4bb7-956d-db6b5915c594,1512,Orders,216,96,False,positive,2011-07-28 06:06:46,3.6,OK
ee4c3530-09b8-43e4-a5b5-75ae6fe64749,1561,Orders,351,104,True,neutral,1985-01-07 23:46:16,5.85,BREACHED
5406dc03-a632-41e5-b311-96107d22bf0c,1479,Refunds,301,90,False,negative,1992-06-04 17:11:59,5.02,OK
1410efa2-0f54-480c-b578-1a62c3209a90,1384,Delivery,336,22,False,neutral,1994-07-30 07:54:34,5.6,OK
9c383152-e247-4479-b61e-09093f811945,1873,Refunds,125,55,True,negative,2005-01-15 17:36:30,2.08,BREACHED
53e91642-e63b-4ccd-a564-4a511dbad7e0,1457,Delivery,460,16,True,neutral,2024-06-17 00:33:31,7.67,BREACHED
ac6e120e-0ba4-4a17-8b3e-b888017cc171,1106,Orders,99,118,True,negative,1975-09-16 17:39:52,1.65,BREACHED
395293e2-acd3-46b7-aa4c-f77d61ed1dcc,1802,Refunds,507,56,False,positive,2013-07-18 05:04:11,8.45,OK
1fd14a24-0d8a-46ff-aad9-995e14d39e6c,1852,Orders,226,7,True,neutral,2016-03-18 00:55:18,3.77,BREACHED
6d883096-0264-490b-8785-b26ec76a66d0,1850,Orders,569,30,False,negative,2011-07-07 21:30:55,9.48,OK
d86d3c48-6ea8-4a5c-93f3-2a2101fefca3,1963,Delivery,576,37,False,negative,2008-10-04 22:08:18,9.6,OK
bed5a80a-ffb2-4463-9989-f9cd9fc3f830,1038,Payments,210,80,False,negative,2017-12-25 05:02:07,3.5,OK
02b19e39-4d70-4f7b-9777-2c74b5e67579,1890,Delivery,236,114,False,positive,1984-01-22 03:27:06,3.93,OK
4c18700f-ab58-43b0-b8f8-d2c094ace2ee,1921,Orders,264,106,True,negative,1973-01-02 05:43:41,4.4,BREACHED
61589b90-8f49-40ab-a6e4-223efb19e443,1072,Orders,132,8,True,negative,1997-07-11 14:37:19,2.2,BREACHED
5b50c30f-6f88-45b6-a7f1-bd93cf4435a9,1008,Refunds,478,96,True,positive,1973-04-17 08:28:22,7.97,BREACHED
b1878bc0-5e3e-4ce2-bcdf-c08224d04a8d,1969,Orders,140,101,False,positive,2007-01-01 03:23:26,2.33,OK
a09b4424-f1ed-4faf-8fd6-043ca9b54fa5,1344,Refunds,559,102,False,positive,1984-11-23 12:43:19,9.32,OK
1275b94d-6e3c-404d-a551-1e931ed27a7f,1378,Payments,66,116,False,negative,1971-01-24 01:52:42,1.1,OK
ca3a1240-7d13-4982-b2b5-e29bf03b7696,1005,Payments,474,70,False,neutral,1995-09-28 00:15:17,7.9,OK
26887ae3-832e-40e9-b103-e85ff087ead9,1432,Delivery,445,109,True,negative,1995-12-10 04:01:22,7.42,BREACHED
b55d47d3-e06a-4083-96bb-741ff826db52,1389,Payments,306,60,False,positive,1973-05-10 10:21:09,5.1,OK
0d2c63b6-44da-4160-9d56-c05e15e09131,1227,Delivery,446,44,True,positive,2009-01-02 00:08:02,7.43,BREACHED
11d81c1b-43cc-416d-a0b6-d21019f94475,1656,Payments,257,50,True,negative,2022-01-16 22:57:23,4.28,BREACHED
9f9d9b64-984b-4b28-9468-fc82e0fc590f,1904,Payments,534,101,True,positive,1970-10-26 09:18:17,8.9,BREACHED
45c9e9a8-fb46-4151-9bc6-61f69beb5f18,1602,Delivery,358,11,False,negative,1992-06-30 16:45:26,5.97,OK
e3d69125-2a56-4946-93cf-45a40554b8a9,1338,Delivery,464,74,False,neutral,1993-04-09 17:46:05,7.73,OK
c6d96518-694c-43bb-9a5e-d371a8ece146,1052,Refunds,543,111,False,positive,2003-08-06 01:37:47,9.05,OK
ad42b1bc-c135-4938-ad87-2bb0f576258d,1541,Payments,246,37,False,neutral,2023-01-25 11:02:20,4.1,OK
7f4cead7-c94e-4b68-96a5-03f7dd31aa57,1222,Orders,200,65,False,negative,1987-03-12 21:04:56,3.33,OK
243b25b4-a393-43ee-b651-e980e9b85890,1099,Refunds,424,89,True,positive,1981-05-02 13:21:54,7.07,BREACHED
def2062c-fa57-4cc2-8dff-ed6141ecd27c,1959,Delivery,353,51,True,neutral,1988-05-28 16:15:00,5.88,BREACHED
e308fe3f-d6de-4994-8d45-d9f5f64b39e4,1609,Orders,377,73,False,neutral,1977-05-28 00:46:02,6.28,OK
900a2018-9098-471d-9ed4-fca009ca1e95,1341,Payments,418,24,False,positive,1986-02-16 00:46:37,6.97,OK
e3bc5239-8d04-4f3e-b725-af509f4ab663,1173,Payments,147,118,True,negative,1993-01-11 06:18:45,2.45,BREACHED
a24820ab-541d-4332-a0e8-264e6d7c3774,1603,Payments,270,35,False,neutral,2012-04-03 14:22:32,4.5,OK
38ab8293-c204-465f-9a83-440f8d5f9086,1170,Orders,343,87,False,positive,1971-03-30 22:06:19,5.72,OK
0064b48d-5e6b-4f71-a903-f050260fd2fb,1457,Refunds,159,102,True,neutral,1989-01-08 08:47:35,2.65,BREACHED
aef82218-3211-4b4b-b903-99d9e2f3c62c,1001,Delivery,156,93,True,negative,2009-09-26 18:30:51,2.6,BREACHED
078c3c09-5016-40ac-a92e-8ebd11b19032,1150,Payments,392,94,True,negative,2001-06-28 23:12:39,6.53,BREACHED
cabbc1c8-d5d1-4c2b-b297-f3b72fd80e95,1711,Payments,109,55,True,negative,2024-09-30 01:32:13,1.82,BREACHED
9fd729fe-8af9-481b-a841-64e92891567b,1863,Payments,316,43,False,positive,1985-10-14 04:17:34,5.27,OK
af74b9fb-f876-4092-8cf1-a62be5ad4670,1765,Orders,320,100,True,negative,2012-04-05 15:55:19,5.33,BREACHED
f14f1236-dd5c-42c7-b015-05c557120d87,1013,Orders,517,68,False,negative,2008-08-07 00:17:19,8.62,OK
2134912a-eb89-4c60-a6b3-20ba0f8c9204,1010,Orders,304,45,False,positive,1975-01-25 22:28:09,5.07,OK
41696764-3461-46ba-948d-ab372b3245ac,1749,Refunds,208,72,False,positive,2002-03-25 10:04:44,3.47,OK
f4625e62-7ec1-422d-9812-b3663e51bd93,1131,Refunds,297,50,True,positive,1985-09-23 08:13:23,4.95,BREACHED
46a7d93c-c2c4-499c-af27-828a13f60162,1996,Refunds,310,28,False,neutral,2002-04-13 12:19:19,5.17,OK
8dd1d679-c77d-4a32-8ad1-75c3fb0ff470,1980,Refunds,65,98,False,neutral,1995-04-13 21:40:50,1.08,OK
d2fda028-0086-4344-99ac-828e882406eb,1147,Refunds,217,82,True,negative,1992-06-19 05:31:55,3.62,BREACHED
e3b6a15e-56d4-4800-bea7-41e0cecd0501,1953,Orders,540,42,False,negative,1973-10-13 22:24:15,9.0,OK
671cf02e-678e-410d-9a77-93d9c4a1dbd0,1622,Payments,167,102,False,positive,2015-05-28 19:40:29,2.78,OK
a1e62b2e-9d24-43da-90b1-416917d6fc91,1648,Orders,112,103,True,negative,2002-04-27 09:16:44,1.87,BREACHED
f0edfefb-b845-40d7-a8e3-52a74a68a047,1204,Refunds,249,64,False,negative,2009-07-29 11:18:11,4.15,OK
edca46af-f3a8-4808-938a-092cc0baf175,1182,Orders,268,95,True,neutral,1975-01-08 16:47:43,4.47,BREACHED
afc449ae-2eb0-494d-b229-4770e889274a,1723,Orders,187,60,False,negative,1979-07-29 05:11:58,3.12,OK
2f1fa886-d51a-474e-bc08-d3275775021d,1638,Orders,176,93,True,negative,1975-07-17 07:04:28,2.93,BREACHED
fd7d7103-651a-4362-9b74-64aa50028a66,1674,Orders,60,108,True,neutral,1992-08-18 21:00:43,1.0,BREACHED
dff3ea46-6562-42ce-9c26-6b636406da10,1865,Delivery,319,62,False,negative,2025-12-23 19:59:34,5.32,OK
a6b66278-e570-4ae8-a675-83ec2ada227b,1174,Payments,347,33,True,negative,2026-04-16 22:31:27,5.78,BREACHED
eb333d9c-ed39-4ae2-bddc-d6ebd81f7ed5,1989,Payments,288,5,True,neutral,2016-07-08 07:53:57,4.8,BREACHED
44f9055d-3178-4b19-80b3-6fd58b32b5fe,1651,Orders,516,49,False,positive,2003-07-22 07:00:02,8.6,OK
c94d83fa-50af-4625-8342-598e295bdec7,1404,Delivery,228,62,False,neutral,2024-01-13 12:04:50,3.8,OK
11fd56f1-a233-4b4f-99df-7abfe5b0a0c7,1406,Refunds,345,96,True,neutral,2013-01-30 06:09:54,5.75,BREACHED
ca3d7b05-e68a-471d-9b77-193ea11e0aa6,1631,Delivery,144,58,True,neutral,2021-11-27 06:41:59,2.4,BREACHED
bf1904c0-e51b-4e3b-a740-45a9e505fbaf,1383,Payments,339,12,False,positive,2006-07-03 22:11:57,5.65,OK
93c5e8ac-038d-4a94-8efb-4ca300b367f0,1451,Payments,477,102,False,negative,2004-08-14 02:02:49,7.95,OK
54f36f6f-6208-482a-be01-1ce7cdc3bcb4,1563,Refunds,531,79,True,negative,2005-01-11 08:52:30,8.85,BREACHED
93c9506f-161c-4671-8ba9-6c2f0e70086c,1847,Delivery,111,112,True,neutral,2017-01-12 23:55:06,1.85,BREACHED
72cfd4c0-d103-4761-98ce-6dbcf33cef4e,1673,Delivery,148,28,True,positive,2020-06-02 14:54:47,2.47,BREACHED
97a7a0a5-3e84-4fdc-a31e-8c4eeaa048ec,1938,Delivery,363,48,True,positive,2015-10-31 19:45:52,6.05,BREACHED
bb2fbc60-54a6-4655-a8db-7c1ab71aa920,1036,Delivery,155,38,True,neutral,1972-01-02 19:17:19,2.58,BREACHED
c10fd681-ff1c-4f04-8bd7-5bef2e77b007,1484,Refunds,577,21,False,negative,2003-11-07 07:36:21,9.62,OK
f538f2d7-ecfd-4730-a913-a3c9acbec736,1431,Orders,279,7,True,neutral,2005-05-05 16:41:55,4.65,BREACHED
5efd627b-36f3-4450-889c-91ad640f8e14,1222,Delivery,545,88,True,negative,1996-02-21 20:19:17,9.08,BREACHED
79cb1bf3-c51a-4d95-9296-ac6cd0297938,1254,Delivery,168,94,False,positive,1974-02-21 18:07:28,2.8,OK
15c47194-56cd-4d9d-8471-ddb5aa4459b9,1896,Delivery,451,85,False,positive,2003-12-13 03:43:34,7.52,OK
d7eb6d56-695d-4ef5-9785-b25f86f9b5a5,1456,Orders,489,14,True,positive,2013-11-28 15:56:32,8.15,BREACHED
9525fbe4-8b04-4ebc-aa53-f6b3433ee20f,1457,Payments,327,18,True,positive,1970-06-18 16:33:36,5.45,BREACHED
296c140d-5f12-49c4-998f-d86a4457fed6,1803,Orders,111,119,True,positive,2000-06-28 16:07:57,1.85,BREACHED
392b2553-61e4-41ae-9888-f7b2d4bd3c69,1108,Payments,375,31,True,negative,2014-10-07 10:20:34,6.25,BREACHED
4e2896b6-0edc-41fb-9aab-457c4072c7dd,1793,Payments,232,111,True,neutral,1973-06-17 19:55:16,3.87,BREACHED
af745dbe-df41-4bc3-83e1-aa39d09296ea,1688,Orders,116,24,True,neutral,1994-03-12 15:11:23,1.93,BREACHED
70ace7d9-2a1c-4dec-9f85-e11fdc1c1b02,1021,Orders,236,107,True,negative,2013-09-20 17:26:03,3.93,BREACHED
286199d3-6b6c-4a78-8a00-70436f94255a,1770,Orders,387,87,True,neutral,1990-10-23 20:25:24,6.45,BREACHED
ff084c09-5d89-4f37-a953-cf8bc5a12934,1060,Delivery,406,89,True,neutral,2018-08-23 09:45:25,6.77,BREACHED
08b0a688-415a-4ceb-9747-896e7f591ac0,1798,Delivery,83,49,False,positive,2022-07-01 10:56:59,1.38,OK
2dcbc057-c204-46d7-a6d9-976269f668d2,1644,Refunds,291,11,False,negative,1973-11-15 09:36:38,4.85,OK
51bde11f-fedd-4034-a0c2-b6a9715b2351,1555,Orders,507,21,False,negative,1974-03-04 03:14:41,8.45,OK
03d5a5cb-cb54-4a34-bddd-d17c3fb33657,1474,Delivery,127,105,True,positive,2006-12-20 05:21:07,2.12,BREACHED
eabd40d2-dee8-4ac1-a389-2f09b8360820,1143,Refunds,331,11,False,negative,2018-02-09 08:35:13,5.52,OK
8f26dfe0-1d94-4405-9e3a-ca30576f960d,1797,Refunds,312,27,True,neutral,1996-11-26 18:08:20,5.2,BREACHED
b0ccf578-3722-4caa-857a-784a0fae4192,1566,Refunds,104,8,True,neutral,2012-10-09 05:48:45,1.73,BREACHED
a772b5e6-57f1-49c0-b882-44ebeb2ddc41,1418,Payments,153,5,True,neutral,1995-10-26 20:00:21,2.55,BREACHED
17075331-5441-4b77-b45b-31d2c4f9ead0,1933,Refunds,61,26,False,negative,1994-06-09 15:46:44,1.02,OK
b0972a2a-3b51-4e90-8597-3ba102ffaeca,1590,Payments,546,82,False,negative,1973-01-29 00:55:15,9.1,OK
6f5af73a-26a3-46db-bd5c-a67ac3d915a9,1800,Refunds,85,41,False,negative,1993-05-23 08:55:39,1.42,OK
28040d4e-14c0-4761-90d0-0562f8a96f20,1017,Delivery,435,91,False,negative,1998-07-08 15:26:39,7.25,OK
4e20b37f-063a-48e8-aee6-b7c32bdfa021,1234,Orders,146,57,False,negative,1990-03-05 16:12:01,2.43,OK
6680b4e1-5b58-4f20-b315-ed2d3df37a6d,1559,Orders,322,111,True,positive,2003-12-03 10:35:08,5.37,BREACHED
98482306-402b-48ae-a10a-e8152c4526cb,1487,Delivery,95,64,True,neutral,1971-05-12 19:09:24,1.58,BREACHED
209608b1-7613-4933-85a9-1d701227796c,1216,Orders,301,31,True,neutral,1978-02-26 00:10:59,5.02,BREACHED
7abe193e-0c6e-4be4-b126-b93056525586,1488,Orders,446,100,False,positive,2014-07-07 07:01:19,7.43,OK
a963f708-85b7-4046-b701-fad6e2cbc94d,1721,Refunds,77,6,False,negative,2019-10-27 22:52:41,1.28,OK
8eabc5ff-98ea-4cbd-92b5-5ca0d32d1a3f,1433,Orders,296,85,False,negative,1978-05-16 23:47:06,4.93,OK
2c2d20df-97d1-4ae1-8658-d2a47df75d1e,1997,Delivery,548,22,False,negative,1985-08-06 06:02:52,9.13,OK
8ebce667-27a3-47c0-83a3-c53dbb24f38f,1415,Orders,414,6,False,positive,2023-11-04 00:29:28,6.9,OK
c10cbcb4-521f-46a7-aa40-997e5511a343,1936,Delivery,251,25,False,neutral,1975-12-22 01:10:31,4.18,OK
bb520042-03e0-4b46-9edb-7063e8790bf1,1947,Payments,177,84,True,negative,1974-01-22 04:48:58,2.95,BREACHED
5ed90bbb-47ab-40ac-8c3a-d30e182f45cb,1546,Refunds,357,86,False,positive,2012-12-09 05:35:00,5.95,OK
3ba0ba0e-c986-498f-9d36-ad05696ef387,1636,Refunds,472,12,False,neutral,1987-01-22 04:32:41,7.87,OK
a157ad9c-006f-4f96-b615-507754003a6a,1244,Orders,149,23,False,negative,1996-09-11 12:07:56,2.48,OK
f6e17d8a-dfcf-4eee-b464-2b9f67cb4517,1233,Refunds,218,13,True,neutral,1979-06-13 04:51:10,3.63,BREACHED
81c666c7-139b-40e3-b6c7-7eab3ae16f18,1765,Payments,109,9,False,neutral,2005-07-28 00:14:02,1.82,OK
f5a61054-331e-42a6-8671-a58ecc56bf3d,1413,Refunds,453,9,False,negative,1990-08-16 11:59:50,7.55,OK
0e53728e-f81f-4a38-84f6-3531802a0f2e,1669,Refunds,537,81,True,neutral,2001-07-03 14:14:22,8.95,BREACHED
0733afb3-13e4-408e-a58b-3610b3f29c60,1528,Orders,382,31,False,negative,1998-08-17 16:09:01,6.37,OK
6f75e6ff-c708-4c46-8dd1-98a6d0c155be,1047,Payments,460,67,True,negative,2012-12-05 06:10:11,7.67,BREACHED
c084a15a-5db5-498a-bf1e-889d933e35c1,1366,Delivery,557,64,True,positive,1978-12-13 13:51:46,9.28,BREACHED
37f312f1-090f-4d7c-b556-7346c25e0485,1147,Delivery,352,10,False,positive,2005-03-21 04:59:36,5.87,OK
23500b5c-b2ad-4ef4-b17c-949917659059,1816,Payments,353,83,False,negative,1987-05-28 05:50:47,5.88,OK
c1148355-b728-4dc9-880b-5f78d2254c91,1011,Refunds,435,26,False,neutral,2009-08-05 15:26:15,7.25,OK
1bdf4b44-9e35-4703-a0db-3893fc05dfd9,1393,Orders,380,39,False,positive,1996-11-26 19:34:26,6.33,OK
22aa83d7-97eb-43bf-849e-a7d87eb572f0,1664,Orders,400,108,True,negative,1976-12-15 08:17:14,6.67,BREACHED
f3e34ff6-981f-4fb8-8c61-20ab3dcf0846,1926,Delivery,313,120,False,neutral,2003-05-24 11:14:05,5.22,OK
f9c230fc-aa9d-4ad6-b0d2-6626fd1b7fb9,1060,Delivery,76,16,True,negative,1999-06-18 05:20:14,1.27,BREACHED
cb9ba4aa-befd-43ec-8944-12b403f17ff6,1618,Payments,461,50,False,negative,1993-03-29 19:14:28,7.68,OK
1c5849a6-ad92-4055-a88f-c7805d8be5a6,1012,Orders,101,84,True,neutral,2015-10-21 09:11:16,1.68,BREACHED
29dfed49-35ff-4a14-b207-fce680054ff0,1357,Orders,436,37,True,positive,2000-03-17 21:55:55,7.27,BREACHED
d8df8a88-4900-4db2-a2c7-dd422147cfb0,1587,Delivery,65,92,True,negative,2017-03-17 10:24:37,1.08,BREACHED
ed6727ee-070b-45a4-9b60-d214c2c842f2,1663,Refunds,488,39,True,negative,1974-04-14 01:54:25,8.13,BREACHED
b85ecc43-f22e-4d76-8402-abb0fc6e1f34,1846,Delivery,112,30,True,neutral,2024-09-04 10:03:41,1.87,BREACHED
15e48759-af5d-4315-b845-a2f3ffd5d8b5,1365,Delivery,570,59,False,negative,1974-02-08 21:27:07,9.5,OK
1e917b7c-aee1-46a6-9469-3b96a6b8c430,1224,Delivery,557,109,True,negative,2019-12-09 07:55:17,9.28,BREACHED
427df66b-5592-45bb-bd64-46a387f15497,1069,Refunds,179,35,False,negative,1998-06-29 23:56:46,2.98,OK
55e72bf3-7717-4864-aafe-0d30cf1f7d7e,1435,Refunds,533,28,False,positive,1988-05-12 02:10:28,8.88,OK
b6ac9be7-6036-4956-99a7-253f051115aa,1543,Delivery,170,83,True,neutral,1986-10-25 14:19:29,2.83,BREACHED
539d847b-45e0-4822-89fb-8bcb88e89fb2,1051,Orders,166,19,False,positive,2023-12-11 17:19:32,2.77,OK
16485e39-aaf0-4c22-a4aa-93e84dc71b80,1076,Refunds,140,45,True,positive,1990-07-10 18:55:30,2.33,BREACHED
9be47632-6de4-479b-85f1-a59c4142ebbb,1653,Orders,523,60,False,neutral,2000-07-29 05:18:32,8.72,OK
ab74ad35-eb70-4fb1-a44f-1519c500c975,1816,Orders,346,99,False,negative,2001-08-06 06:00:24,5.77,OK
b71c6687-8877-4a5a-abdc-e25e4d8e2bc0,1898,Orders,244,60,True,neutral,2024-08-18 16:57:06,4.07,BREACHED
d4e04be1-691e-4d01-9115-6b82141f239a,1128,Refunds,578,12,False,negative,1972-10-05 01:06:45,9.63,OK
a27818e0-1415-40d2-82aa-efa8dfd01f3a,1640,Delivery,449,23,False,positive,1970-01-25 19:29:30,7.48,OK
